Primer,Strand,Reference_Primer_Sequence,Variant_Sequence,Occurrence_Count,Percentage
10267,Forward,AGAACACGAAGAGAAACCGGT,AGAACACAAAGAGAAACCGGT,5,0.093562874
10267,Forward,AGAACACGAAGAGAAACCGGT,AGAACACRAAGAGAAACCGGT,1,0.018712574850299403
10267,Reverse,GGCTGAAGTAGTGCGTGCTA,GGCYGAAGTAGTGCGTGCTA,1,0.018712574850299403
10267,Reverse,GGCTGAAGTAGTGCGTGCTA,GGCTAAAGTAGTGCGTGCTA,5,0.093562874
10267,Reverse,GGCTGAAGTAGTGCGTGCTA,GGCTGAAGTAGTGTGTGCTA,2,0.037425149700598806
12169,Forward,AGCCATAATTCCTCGAGTGCA,AGCCATAATTCCTCAAGTGCA,12,0.2245508982035928
12169,Reverse,TGTGGTACCGTATTGCATCTGT,TGCGGTACCGTATTGCATCTGT,102,1.908682634730539
25644,Forward,CCAGCATTGATAAATCCCTGCA,CCGGCATTGATAAATCCCTGCA,124,2.3203592814371254
25644,Reverse,CTCACTYTGAAGCTATCTTGGC,CTCACTTTGAAGCTATCTTGGC,4942,92.47754491017965
25644,Reverse,CTCACTCTGAAGCTATCTTGGC,CTCACTCTAAAGCTATCTTGGC,2,0.037425149700598806
25644,Reverse,CTCACTCTGAAGCTATCTTGGC,CTYACTTTGAAGCTATCTTGGC,1,0.018712574850299403
25644,Reverse,CTCACTCTGAAGCTATCTTGGC,CTTACTTTGAAGCTATCTTGGC,1,0.018712574850299403
28702,Forward,ACAGATCTGATGACCGACGA,ACAGATTTGATGACCGACGA,1,0.018712574850299403
28702,Forward,ACAGATCTGATGACCGACGA,ACAGATCTAATGACCGACGA,4,0.074850299
28702,Forward,ACAGATCTGATGACCGACGA,ACAGATYTGATGACCGACGA,1,0.018712574850299403
28702,Forward,ACAGATCTGATGACCGACGA,ACAGATCTGATGACCAACGA,2,0.037425149700598806
28702,Forward,ACAGATCTGATGACCGACGA,ACAGATCTRATGACCGACGA,1,0.018712574850299403
28702,Forward,ACAGATCTGATGACCGACGA,ACAGATCTGATGACCGACAA,1,0.018712574850299403
28702,Reverse,TAACGTACATTTCCGCACCG,TAACGTACATTTCCACACCG,100,1.871257485
28702,Reverse,TAACGTACATTTCCGCACCG,TAAYGTACATTTCCGCACCG,1,0.018712574850299403
28702,Reverse,TAACGTACATTTCCGCACCG,TAACGTACATTTCCGCACTG,6,0.1122754491017964
28702,Reverse,TAACGTACATTTCCGCACCG,TAACGTACATTTCCGCACYG,1,0.018712574850299403
34432,Forward,GGAGCCGAACATTCTCCGAT,GGAGCCAAACATTCTCCGAT,127,2.376497005988024
34432,Forward,GGAGCCGAACATTCTCCGAT,GGAGCCRAACATTCTCCGAT,12,0.2245508982035928
34432,Forward,GGAGCCGAACATTCTCCGAT,GAAGCCGAACATTCTCCGAT,3,0.056137725
34432,Reverse,AATTGCGCGCTCCGAATAAC,AATTGCGCGCTCCAAATAAC,1,0.018712574850299403
64426,Forward,ATCCAGGCTCCTCTCTCAGG,ATCCAAGCTCCTCTCTCAGG,1,0.018712574850299403
67611,Forward,TGTTAGACGCTTCATTAGGGGT,TGTTAGACGTTTCATTAGGGGT,4,0.074850299
67611,Reverse,TTTTCCTTGGCTATCGCATGA,TTTTYCTTGGCTATCGCATGA,1,0.018712574850299403
67611,Reverse,TTTTCCTTGGCTATCGCATGA,TTTTCCTTGGCTATCGCATAA,1,0.018712574850299403
67611,Reverse,TTTTCCTTGGCTATCGCATGA,TTTTCCTTGGCTATTGCATGA,1,0.018712574850299403
74360,Forward,CCACGACACTGGAAAATGCG,CCATGACTCTGGAAAATGCG,1,0.018712574850299403
74360,Forward,CCACGACACTGGAAAATGCG,CCATGACACTGGAAAATGCG,2,0.037425149700598806
74360,Forward,CCACGACACTGGAAAATGCG,CCACGACACTGAAAAATGCG,2,0.037425149700598806
74360,Forward,CCACGACACTGGAAAATGCG,CCACGACACTGGAAAATGCA,1,0.018712574850299403
74360,Forward,CCACGACACTGGAAAATGCG,CCACGACWCTGGAAAATGCG,21,0.3929640718562874
74360,Forward,CCACGACACTGGAAAATGCG,CCACGACTCTGGAAAATGCG,1,0.018712574850299403
74360,Forward,CCACGACACTGGAAAATGCG,CCAYGACWCTGGAAAATGCG,2,0.037425149700598806
74360,Reverse,GTCCGCCGACTGTTGTCTTA,GTTCGCCGACTGTTGTCTTA,4,0.074850299
74360,Reverse,GTCCGCCGACTGTTGTCTTA,GTCCGCCAACTGTTGTCTTA,10,0.18712574850299402
87705,Forward,GCATGCATGTATTGGAGCCA,GCATGTATGTATTGGAGCCA,101,1.8899700598802396
87705,Forward,GCATGCATGTATTGGAGCCA,RCATGCATGTATTGGAGCCA,1,0.018712574850299403
87705,Reverse,GCGAGAAGGGATCGTTGGAT,GCGAGAAGGAATCGTTGGAT,2,0.037425149700598806
100971,Forward,TAACGGCATCGAAGTCTCCG,TAACGGCATCGAAGTCTCAG,7,0.1309880239520958
100971,Forward,TAACGGCATCGAAGTCTCCG,TAACGGCATCGAAGWCTCCG,1,0.018712574850299403
100971,Forward,TAACGGCATCGAAGTCTCCG,TAACGGCATTGAAGTCTCCG,2,0.037425149700598806
101418,Forward,GCGTCTGCAGAGTGGTTGAT,GCGTCTGCAGAGTGGTTAAT,2,0.037425149700598806
103019,Forward,ACGCTATTTATCCGGGTGGT,ATGCTATTTATCCGGGTGGT,1,0.018712574850299403
103019,Forward,ACGCTATTTATCCGGGTGGT,ACGCYATTTATCCGGGTGGT,1,0.018712574850299403
103019,Reverse,GGAGTCCATTACCTGAATTTGGA,GGAGTCCATTACCTGAATTCGGA,91,1.7028443113772453
103019,Reverse,GGAGTCCATTACCTGAATTTGGA,GGAGTCCATTACCTGAATTYGGA,1,0.018712574850299403
103019,Reverse,GGAGTCCATTACCTGAATTTGGA,GGAGTCCATTACCTAAATTTGGA,1,0.018712574850299403
108808,Forward,ACTATACCGTTATGTCTACAACAGCT,ACTATACCGTTGTGTCTACAACAGCT,97,1.815119760479042
108808,Reverse,ACATTGTACTGAATCCGCCTAAG,ACATTGTACTGAATCCACCTAAG,1,0.018712574850299403
119296,Forward,CATCCATTGAGTCGGAGCCA,CWTCCATTGAGTCGGAGCCA,1,0.018712574850299403
119296,Forward,CATCCATTGAGTCGGAGCCA,CATCCATTGAGTCGAAGCCA,1,0.018712574850299403
128076,Forward,TCCGGTATTTAACGATTCTTCACA,TCCGGTATTTAATGATTCTTCACA,1,0.018712574850299403
128076,Reverse,TGTTGGACCTGACTGTAGTGC,TGWTRSAMSWGAYKRYWKTKC,1,0.018712574850299403
128076,Reverse,TGTTGGACCTGACTGTAGTGC,TGTTGGACCTGACTGWAGTGC,1,0.018712574850299403
128698,Reverse,AACAGAGAGGGGAAAACGGT,AACAAAGAGGGGAAAACGGT,1,0.018712574850299403
128698,Reverse,AACAGAGAGGGGAAAACGGT,AACAGAGAGGGAAAAACGGT,1,0.018712574850299403
132698,Forward,CGCCACTAATCGGTTCGGTA,CGCCATTAATCGGTTCGGTA,1,0.018712574850299403
136870,Forward,ACCCAAAATGTATATGTTGAACATCAC,ACCCAAAATGTATGTGTTGAACATCAC,124,2.3203592814371254
140492,Forward,ACGTCCTTATCGGCGGTATC,ACATCCTTATCGGCGGTATC,14,0.2619760479041916
140492,Forward,ACGTCCTTATCGGCGGTATC,ACGTCCTTATYGGCGGTATC,2,0.037425149700598806
140492,Reverse,AGGACGGGCTAACATTACGC,RGGACGGGCTAACATTACGC,1,0.018712574850299403
141757,Forward,GGATACATGGGGATCTGATGGT,GGATACATGRGGATCTGATGGT,1,0.018712574850299403
146022,Forward,AGAATGCCGCGAAGAATGGA,AGAATACCGCGAAGAATGGA,6,0.1122754491017964
146022,Forward,AGAATGCCGCGAAGAATGGA,AGAATGCCGTGAAGAATGGA,1,0.018712574850299403
146022,Forward,AGAATGCCGCGAAGAATGGA,AGAATGCCGCRAAGAATGGA,1,0.018712574850299403
146223,Forward,ATCACCGTACCGTTTTGTTGT,ATCACCGTACCGTTTTGTTKT,1,0.018712574850299403
147168,Forward,ATAAGTTCGAGGATGCCGCC,ATAAGTTCGAGRATGCCGCC,1,0.018712574850299403
147168,Forward,ATAAGTTCGAGGATGCCGCC,ATAAGTTCGAGGATGCTGCC,1,0.018712574850299403
147168,Reverse,ATCGGAGATACAGGGGCGTA,ATYGGAGATACAGGGGCGTA,1,0.018712574850299403
148268,Forward,TCAGTTGCTGTCGAAGAGGC,TTAGTTGCTGTCGAAGAGGC,4,0.074850299
148268,Forward,TCAGTTGCTGTCGAAGAGGC,TCAGTTGCTGTCRAAGAGGC,2,0.037425149700598806
148268,Reverse,TCTTTGACGTCGATGTGGCA,TTTTTGACGTCGATGTGGCA,5045,94.40494011976048
148268,Reverse,TCTTTGACGTCGATGTGGCA,TTTTTGACGTTGATGTGGCA,10,0.18712574850299402
148268,Reverse,TCTTTGACGTCGATGTGGCA,TTTTTGACGTCAATGTGGCA,1,0.018712574850299403
148268,Reverse,TCTTTGACGTCGATGTGGCA,TTTTTGACGTYGATGTGGCA,1,0.018712574850299403
148344,Forward,TCAGTTGCTGTCGAAGAGGC,TTAGTTGCTGTCGAAGAGGC,4,0.074850299
148344,Forward,TCAGTTGCTGTCGAAGAGGC,TCAGTTGCTGTCRAAGAGGC,2,0.037425149700598806
148344,Reverse,TCTTTGACGTCGATGTGGCA,TTTTTGACGTCGATGTGGCA,5045,94.40494011976048
148344,Reverse,TCTTTGACGTCGATGTGGCA,TTTTTGACGTTGATGTGGCA,10,0.18712574850299402
148344,Reverse,TCTTTGACGTCGATGTGGCA,TTTTTGACGTCAATGTGGCA,1,0.018712574850299403
148344,Reverse,TCTTTGACGTCGATGTGGCA,TTTTTGACGTYGATGTGGCA,1,0.018712574850299403
149818,Forward,TCTTACAATTAACGAGAATGGCGT,TCTTACAATTAACGAGAATGGTGT,1,0.018712574850299403
149818,Forward,TCTTACAATTAACGAGAATGGCGT,TCTTACAATTAACGAAAATGGCGT,1,0.018712574850299403
149818,Forward,TCTTACAATTAACGAGAATGGCGT,TCTTACAATTAACAAGAATGGCGT,2,0.037425149700598806
149818,Reverse,CGTATTAACCACGCGACCAA,CGTATTAACCACGCAACCAA,2,0.037425149700598806
149963,Forward,ACACTGTCGAATTTGATAGGGACA,ACACTGTCAAATTTGATAGGGACA,1,0.018712574850299403
149963,Reverse,TGCCGAATAAATGTTGCCGG,TGCCGAATAAATATTGCCGG,102,1.908682634730539
149963,Reverse,TGCCGAATAAATGTTGCCGG,TGCCAAATAAATGTTGCCGG,6,0.1122754491017964
149963,Reverse,TGCCGAATAAATGTTGCCGG,TGCCGAATAAATGTTGCCGA,1,0.018712574850299403
151461,Forward,AGACAGACCTAATCGTCTCGGA,AGACAGACCTAATCGTCTCAGA,1,0.018712574850299403
151461,Forward,AGACAGACCTAATCGTCTCGGA,AGACAGACCTAATCGTCTTGGA,1,0.018712574850299403
151461,Forward,AGACAGACCTAATCGTCTCGGA,AGACAGACCTAATTGTCTCGGA,1,0.018712574850299403
175093,Reverse,ACGTAACAGTCGTATCTTCCACT,ACGTAACAGTCRTATCTTCCACT,1,0.018712574850299403
175093,Reverse,ACGTAACAGTCGTATCTTCCACT,ACGTAACAGTCATATCTTCCACT,1,0.018712574850299403
175093,Reverse,ACGTAACAGTCGTATCTTCCACT,ACGTAACAGTTGTATCTTCCACT,3,0.056137725
182950,Forward,ATCTGGTGCAAGTGGTGGTG,ATTTGGTGCAAGTGGTGGTG,2,0.037425149700598806
182950,Reverse,CCACTTGATCCTGGCAGATTG,CCACTTAATCCTGGCAGATTG,11,0.20583832335329344
185557,Forward,ACAGACGACGATCAGGTTGT,ACAGACGACGATTAGGTTGT,2,0.037425149700598806
185557,Reverse,TCGTCATTGCACTATATGTCCGT,TCGTCATTGCACTATATGTCYGT,1,0.018712574850299403
185557,Reverse,TCGTCATTGCACTATATGTCCGT,TTGTCATTGCACTATATGTCCGT,1,0.018712574850299403