Primer,Strand,Reference_Primer_Sequence,Variant_Sequence,Occurrence_Count,Percentage
10267,Forward,AGAACACGAAGAGAAACCGGT,AGAACACAAAGAGAAACCGGT,5,0.09356287425149701
10267,Forward,AGAACACGAAGAGAAACCGGT,AGAACACRAAGAGAAACCGGT,1,0.018712574850299403
10267,Reverse,GGCTGAAGTAGTGCGTGCTA,GGCYGAAGTAGTGCGTGCTA,1,0.018712574850299403
10267,Reverse,GGCTGAAGTAGTGCGTGCTA,GGCTAAAGTAGTGCGTGCTA,5,0.09356287425149701
10267,Reverse,GGCTGAAGTAGTGCGTGCTA,GGCTGAAGTAGTGTGTGCTA,2,0.037425149700598806
12169,Forward,AGCCGTGTTATCTATTCCTTTCATTAAC,AGCCGTGTTATCTATTCCCTTCATTAAC,4,0.07485029940119761
12169,Reverse,GCAGTGTTCTTTATGAGGATGACG,TGYAGTGTTCTTTATGAGGATGAC,1,0.018712574850299403
13686,Forward,GCAATTTCTTTTTCGCAGTCGG,GCAATTYCTTTTTCGCAGTCGG,1,0.018712574850299403
18133,Forward,AAAGACAGTACACGGGTCCG,AAAGACAGTACATGGGTCCG,1,0.018712574850299403
18133,Forward,AAAGACAGTACACGGGTCCG,AAAGACAGTATACGGGTCCG,1,0.018712574850299403
18133,Reverse,AGCTTTGTCGATATATGCATGGA,AGCTTTGTCAATATATGCATGGA,1,0.018712574850299403
25644,Forward,GGATACTGAACACGCTAATGATAGT,GGATACTGAACACRCTAATGATAGT,1,0.018712574850299403
25644,Reverse,AGGGCAGAGTATACGAGAATGA,AAGGGCAGAATATACGAGAATG,4,0.07485029940119761
25644,Reverse,AGGGCAGAGTATACGAGAATGA,AAGGGCAGAGTATACGAGAATK,1,0.018712574850299403
60984,Forward,ATCGCTTTCCAGACGACTCG,ATCGCTTTCCAGACAACTCG,4,0.07485029940119761
60984,Forward,ATCGCTTTCCAGACGACTCG,ATCGCTTTCCAGACRACTCG,2,0.037425149700598806
60984,Reverse,TTGGAACCGTGGCATTCTGA,TTGGAACCGTGGCATTTTGA,6,0.1122754491017964
64426,Forward,ATCCAGGCTCCTCTCTCAGG,ATCCAAGCTCCTCTCTCAGG,1,0.018712574850299403
74360,Forward,CCACGACACTGGAAAATGCG,CCATGACTCTGGAAAATGCG,1,0.018712574850299403
74360,Forward,CCACGACACTGGAAAATGCG,CCATGACACTGGAAAATGCG,2,0.037425149700598806
74360,Forward,CCACGACACTGGAAAATGCG,CCACGACACTGAAAAATGCG,2,0.037425149700598806
74360,Forward,CCACGACACTGGAAAATGCG,CCACGACACTGGAAAATGCA,1,0.018712574850299403
74360,Forward,CCACGACACTGGAAAATGCG,CCACGACWCTGGAAAATGCG,21,0.3929640718562874
74360,Forward,CCACGACACTGGAAAATGCG,CCACGACTCTGGAAAATGCG,1,0.018712574850299403
74360,Forward,CCACGACACTGGAAAATGCG,CCAYGACWCTGGAAAATGCG,2,0.037425149700598806
74360,Reverse,GTCCGCCGACTGTTGTCTTA,GTTCGCCGACTGTTGTCTTA,4,0.07485029940119761
74360,Reverse,GTCCGCCGACTGTTGTCTTA,GTCCGCCAACTGTTGTCTTA,10,0.18712574850299402
94783,Reverse,ACCATCTAACTTGTCTTCCAGCA,ACCAWCTAACTTGTCTTCCAGCA,1,0.018712574850299403
94783,Reverse,ACCATCTAACTTGTCTTCCAGCA,ACCATCTAACTTGTCTTTCAGCA,1,0.018712574850299403
100971,Forward,TAACGGCATCGAAGTCTCCG,TAACGGCATCGAAGTCTCAG,7,0.1309880239520958
100971,Forward,TAACGGCATCGAAGTCTCCG,TAACGGCATCGAAGWCTCCG,1,0.018712574850299403
100971,Forward,TAACGGCATCGAAGTCTCCG,TAACGGCATTGAAGTCTCCG,2,0.037425149700598806
101378,Forward,GCGTCTGCAGAGTGGTTGAT,GCGTCTGCAGAGTGGTTAAT,2,0.037425149700598806
103019,Forward,GGGGTGAGAACGTTCCAGAG,GGGTGAGAACGTKCCAGAGT,1,0.018712574850299403
108808,Reverse,GGGCGATACTTTATTCACAACCA,AGGGTGATACTTTATTCACAACC,1,0.018712574850299403
125365,Reverse,TGCGTTCCGGAATGAAGAGT,TGCGTTCCGGAATAAAGAGT,1,0.018712574850299403
128076,Forward,TCCGGTATTTAACGATTCTTCACA,TCCGGTATTTAATGATTCTTCACA,1,0.018712574850299403
128076,Reverse,TGTTGGACCTGACTGTAGTGC,TGWTRSAMSWGAYKRYWKTKC,1,0.018712574850299403
128076,Reverse,TGTTGGACCTGACTGTAGTGC,TGTTGGACCTGACTGWAGTGC,1,0.018712574850299403
132698,Forward,CGCCACTAATCGGTTCGGTA,CGCCATTAATCGGTTCGGTA,1,0.018712574850299403
136870,Reverse,CGCATTCATGTACTATCTATCTATAAGCG,ACGCATTCATGTACTATCTAKCTATAAGC,1,0.018712574850299403
136870,Reverse,CGCATTCATGTACTATCTATCTATAAGCG,ACGCATTCATGTACTATCTATCTWTAAGC,1,0.018712574850299403
136870,Reverse,CGCATTCATGTACTATCTATCTATAAGCG,ACGCATTCATGTACTATTTATCTATAAGC,1,0.018712574850299403
140492,Forward,ACGTCCTTATCGGCGGTATC,ACATCCTTATCGGCGGTATC,14,0.2619760479041916
140492,Forward,ACGTCCTTATCGGCGGTATC,ACGTCCTTATYGGCGGTATC,2,0.037425149700598806
140492,Reverse,AGGACGGGCTAACATTACGC,RGGACGGGCTAACATTACGC,1,0.018712574850299403
141757,Forward,GGATACATGGGGATCTGATGGT,GGATACATGRGGATCTGATGGT,1,0.018712574850299403
146022,Forward,TGTAGCACAACGAATAACTCCCA,GTAGCACAACRAATAACTCCCAA,1,0.018712574850299403
146022,Forward,TGTAGCACAACGAATAACTCCCA,GTAGCACAACAAATAACTCCCAA,2,0.037425149700598806
146022,Reverse,ACTACAGTCTGACTATTGCGTAAAC,GAACTACAGTTTGACTATTGCGTAA,5,0.09356287425149701
146022,Reverse,ACTACAGTCTGACTATTGCGTAAAC,GAACTACAGTCTAACTATTGCGTAA,3,0.0561377245508982
148268,Forward,AGGATGTATTATTAGCGCAATCAGTT,GGATGTATTATTAGCGCAATTAGTTG,4,0.07485029940119761
149818,Forward,TCTTACAATTAACGAGAATGGCGT,TCTTACAATTAACGAGAATGGTGT,1,0.018712574850299403
149818,Forward,TCTTACAATTAACGAGAATGGCGT,TCTTACAATTAACGAAAATGGCGT,1,0.018712574850299403
149818,Forward,TCTTACAATTAACGAGAATGGCGT,TCTTACAATTAACAAGAATGGCGT,2,0.037425149700598806
149818,Reverse,CGTATTAACCACGCGACCAA,CGTATTAACCACGCAACCAA,2,0.037425149700598806
151461,Forward,AGACAGACCTAATCGTCTCGGA,AGACAGACCTAATCGTCTCAGA,1,0.018712574850299403
151461,Forward,AGACAGACCTAATCGTCTCGGA,AGACAGACCTAATCGTCTTGGA,1,0.018712574850299403
151461,Forward,AGACAGACCTAATCGTCTCGGA,AGACAGACCTAATTGTCTCGGA,1,0.018712574850299403
155631,Forward,CGACTGCTAGGAGGGAAAATGA,CGACTGCTWGGAGGGAAAATGA,1,0.018712574850299403
155631,Reverse,TGCTTGAGTTCTTCTATAGTACCGA,CTGCTTGAGTTCTTCTWTAGTACCG,1,0.018712574850299403
155631,Reverse,TGCTTGAGTTCTTCTATAGTACCGA,CTGCTTGAGTTCTTCTATAGTACAG,2,0.037425149700598806
155631,Reverse,TGCTTGAGTTCTTCTATAGTACCGA,CTGCTTAAGTTCTTCTATAGTACCG,1,0.018712574850299403
159779,Forward,ACCGCCAACTACTGTAGGTG,ACCGCCAACTACTATAGGTG,1,0.018712574850299403
159779,Forward,ACCGCCAACTACTGTAGGTG,ACCGCCAATTACTGTAGGTG,3,0.0561377245508982
164385,Forward,TTGGAATCAGACACAGAGTTAGAAA,TTGAAATCAGACACAGAGTTAGAAA,2,0.037425149700598806
164385,Forward,TTGGAATCAGACACAGAGTTAGAAA,TTGGAATCAGACACAGAGTTAAAAA,1,0.018712574850299403
164385,Reverse,GTTGTTGTTCGCGACTGCTT,GTTGTTGTTCGCGACTGCTC,1,0.018712574850299403
164385,Reverse,GTTGTTGTTCGCGACTGCTT,GTTGTTGTTTGCGACTGCTT,2,0.037425149700598806
175093,Reverse,ACGTAACAGTCGTATCTTCCACT,ACGTAACAGTCRTATCTTCCACT,1,0.018712574850299403
175093,Reverse,ACGTAACAGTCGTATCTTCCACT,ACGTAACAGTCATATCTTCCACT,1,0.018712574850299403
175093,Reverse,ACGTAACAGTCGTATCTTCCACT,ACGTAACAGTTGTATCTTCCACT,3,0.0561377245508982
176823,Reverse,TGTAATGGAGTTCGCATTTGTGT,GTGTAATGGAGTTCGCATYTGTG,1,0.018712574850299403
176823,Reverse,TGTAATGGAGTTCGCATTTGTGT,ATGTAATGGAGTTCGCATTTGTG,1,0.018712574850299403
182950,Forward,ATCTGGTGCAAGTGGTGGTG,ATTTGGTGCAAGTGGTGGTG,2,0.037425149700598806
182950,Reverse,CCACTTGATCCTGGCAGATTG,CCACTTAATCCTGGCAGATTG,11,0.20583832335329344
185557,Forward,ACAGACGACGATCAGGTTGT,ACAGACGACGATTAGGTTGT,2,0.037425149700598806
185557,Reverse,TCGTCATTGCACTATATGTCCGT,TCGTCATTGCACTATATGTCYGT,1,0.018712574850299403
185557,Reverse,TCGTCATTGCACTATATGTCCGT,TTGTCATTGCACTATATGTCCGT,1,0.018712574850299403
186165,Forward,AAGCACCTGGCCTGACTATG,AAGCACCTGGCCTGATTATG,13,0.24326347305389223
186165,Reverse,ATAGACGCCGGCAATGATCC,ATAGACACCGGCAATGATCC,6,0.1122754491017964
